{
    "Accuract": 0.58,
    "Precision": 0.5652173913043478,
    "Recall": 0.5416666666666666,
    "F1_Score": 0.5531914893617021
}