{
    "Decision_Tree_score": 0.4803921568627451,
    "Random_Forest_score": 0.5392156862745098,
    "Gradient_Boosting_score": 0.5490196078431373,
    "Ada_Boost_score": 0.6176470588235294
}